codecrafters-io/build-your-own-x,danistefanovic,4865,7,Switzerland,Switzerland
codecrafters-io/build-your-own-x,rohitpaulk,1727,154,San Francisco,C√¥te d'Ivoire
codecrafters-io/build-your-own-x,sarupbanskota,670,53,,
codecrafters-io/build-your-own-x,fake-rookie,135,8,,
codecrafters-io/build-your-own-x,bauripalash,339,100,India,India
codecrafters-io/build-your-own-x,louisdainguyen,11,3,"Prague, Czech Republic",Antigua and Barbuda
codecrafters-io/build-your-own-x,VENCYR,8,16,,
codecrafters-io/build-your-own-x,mstuttgart,248,26,Brazil,Azerbaijan
codecrafters-io/build-your-own-x,imlakshay08,65,91,"New Delhi, India",Germany
codecrafters-io/build-your-own-x,joaorlima,14,16,"Curitiba, Brazil",Azerbaijan
codecrafters-io/build-your-own-x,bepisdev,22,36,"Melbourne, Australia",Albania
codecrafters-io/build-your-own-x,jserv,4160,131,"Taipei City, Taiwan",Anguilla
codecrafters-io/build-your-own-x,danielbarnes175,48,17,"Minneapolis, Minnesota",Spain
codecrafters-io/build-your-own-x,M0nica,4001,205,"New York, New York",Niger
codecrafters-io/build-your-own-x,xmonader,268,763,Egypt,Egypt
codecrafters-io/build-your-own-x,lotharschulz,81,94,Berlin / Germany,Belgium
codecrafters-io/build-your-own-x,kopylovvlad,31,50,Moscow,Colombia
codecrafters-io/build-your-own-x,dineshgowda24,26,31,Dubai,Anguilla
codecrafters-io/build-your-own-x,vasanthk,2171,114,San Francisco,C√¥te d'Ivoire
codecrafters-io/build-your-own-x,lethalbrains,5,35,,
codecrafters-io/build-your-own-x,toolboc,311,99,Houston,Sao Tome and Principe
codecrafters-io/build-your-own-x,0xMH,78,86,,
codecrafters-io/build-your-own-x,Oatelaus,0,39,UK,United Kingdom
codecrafters-io/build-your-own-x,lakuapik,71,74,"Semarang, Indonesia",Argentina
codecrafters-io/build-your-own-x,CodeCrateDev,1,8,,
codecrafters-io/build-your-own-x,cliffordfajardo,519,404,"Bay Area, California",Albania
codecrafters-io/build-your-own-x,trekhleb,17485,25,San Francisco Bay Area,Argentina
codecrafters-io/build-your-own-x,Otman404,71,38,"Rabat, Morocco",Austria
codecrafters-io/build-your-own-x,guuzaa,20,99,ƒ∞stanbul,Sao Tome and Principe
codecrafters-io/build-your-own-x,ranyitz,160,21,Amsterdam,Armenia
codecrafters-io/build-your-own-x,caaatisgood,51,91,London,Dominican Republic
codecrafters-io/build-your-own-x,RohithS98,6,33,India,India
codecrafters-io/build-your-own-x,RusinovAnton,117,120,"Kyiv, Ukraine",Anguilla
codecrafters-io/build-your-own-x,hasanisaeed,127,151,,
codecrafters-io/build-your-own-x,sandoche,519,187,Spain,Anguilla
codecrafters-io/build-your-own-x,parmort,8,31,,
codecrafters-io/build-your-own-x,SeungUkLee,25,84,"Republic Of Korea, Busan",Saint Barth√©lemy
codecrafters-io/build-your-own-x,sn99,58,118,,
codecrafters-io/build-your-own-x,ncharlton02,6,48,Ohio,British Indian Ocean Territory
codecrafters-io/build-your-own-x,MichaelHinrichs,60,243,,
codecrafters-io/build-your-own-x,nikital,65,37,,
codecrafters-io/build-your-own-x,NicolasMontone,90,55,Buenos Aires,Anguilla
codecrafters-io/build-your-own-x,musafarouk,38,9,"Abuja, Nigeria",Eritrea
codecrafters-io/build-your-own-x,mzahran001,42,79,,
codecrafters-io/build-your-own-x,m4salah,61,110,"Cairo, Egypt",Anguilla
codecrafters-io/build-your-own-x,micheleriva,1058,62,"San Francisco, California, USA",Albania
codecrafters-io/build-your-own-x,maysara-elshewehy,78,7,in the world !,India
codecrafters-io/build-your-own-x,friendlymatthew,54,42,NYC,United States
codecrafters-io/build-your-own-x,EduardoJM,345,26,"An√°polis, Goi√°s, Brasil",American Samoa
codecrafters-io/build-your-own-x,xunterr,0,9,,
sindresorhus/awesome,sindresorhus,75280,1119,,
sindresorhus/awesome,davisonio,996,15,"London, UK",Dominican Republic
sindresorhus/awesome,RichardLitt,2850,796,"P≈çneke Wellington, Aotearoa New Zealand",Angola
sindresorhus/awesome,arthurvr,1355,176,Belgium,Belgium
sindresorhus/awesome,kdeldycke,1667,56,‚òÅÔ∏é,
sindresorhus/awesome,AllThingsSmitty,2374,43,Southern Maine Coast üå≤ üèñ üåä,Anguilla
sindresorhus/awesome,PatrickJS,3372,961,California,Albania
sindresorhus/awesome,johnjago,137,54,United States,Austria
sindresorhus/awesome,RayBB,236,88,San Francisco,C√¥te d'Ivoire
sindresorhus/awesome,stevestock,67,24,New Jersey,Eritrea
sindresorhus/awesome,egeerardyn,88,40,"Brussels, Belgium",Belgium
sindresorhus/awesome,willianjusten,7339,108,‚úàÔ∏è,
sindresorhus/awesome,YerkoPalma,135,117,Chile,Switzerland
sindresorhus/awesome,z00rat,66,25,In front of my computer,Colombia
sindresorhus/awesome,aliesbelik,139,41,,
sindresorhus/awesome,fabacab,1164,205,,
sindresorhus/awesome,arslanbilal,474,16,Istanbul,Iceland
sindresorhus/awesome,joshwiens,527,135,,
sindresorhus/awesome,karlhorky,869,511,Amsterdam,Armenia
sindresorhus/awesome,leoruhland,173,83,"Florian√≥polis, SC",Iceland
sindresorhus/awesome,mischah,426,259,"Kassel, Germany",American Samoa
sindresorhus/awesome,maehr,160,48,Bern & Basel,American Samoa
sindresorhus/awesome,petk,1156,297,Area 51,Argentina
sindresorhus/awesome,sfischer13,54,38,"N√ºrnberg, DE",Belgium
sindresorhus/awesome,stevemao,1013,498,Sydney,Niger
sindresorhus/awesome,vinkla,704,25,G√∂teborg,"Bolivia, Plurinational State of"
sindresorhus/awesome,paescuj,124,20,"Biel/Bienne, Switzerland",Burundi
sindresorhus/awesome,rsamborski,34,18,Wroclaw / Poland,Aruba
sindresorhus/awesome,hobbyquaker,490,237,"Stuttgart, Germany",Argentina
sindresorhus/awesome,simskij,0,47,eu-north-1,Norway
sindresorhus/awesome,steven2358,535,72,Europe,Peru
sindresorhus/awesome,TalAter,838,31,,
sindresorhus/awesome,thibaudcolas,591,401,"Cambridge, UK",Armenia
sindresorhus/awesome,bnb,1818,237,nyc,United States
sindresorhus/awesome,Ly0n,315,124,"Germany, Aachen",Switzerland
sindresorhus/awesome,tobiasbueschel,251,50,Hong Kong,Hong Kong
sindresorhus/awesome,uraimo,390,40,,
sindresorhus/awesome,jjangga0214,78,195,,
sindresorhus/awesome,pokeball99,23,27,,
sindresorhus/awesome,uralbash,53,90,Yekaterinburg,Austria
sindresorhus/awesome,veelenga,226,148,Poland,Lao People's Democratic Republic
sindresorhus/awesome,ooade,430,67,London,Dominican Republic
sindresorhus/awesome,caesar0301,1092,54,Shanghai,Anguilla
sindresorhus/awesome,thisisisa,88,17,,
sindresorhus/awesome,ReadmeCritic,209,8,,
sindresorhus/awesome,hkirat,22715,142,Earth,Argentina
sindresorhus/awesome,sobolevn,6317,615,,
sindresorhus/awesome,lipis,1616,139,"Thessaloniki, Greece",Albania
sindresorhus/awesome,aschrijver,172,73,The Netherlands,Eritrea
sindresorhus/awesome,tyaga001,144,167,Sweden,Germany
public-apis/public-apis,matheusfelipeog,835,24,127.0.0.1:666,United States
public-apis/public-apis,davemachado,771,33,United States,Austria
public-apis/public-apis,pawelborkar,299,57,,
public-apis/public-apis,jbrooksuk,2235,68,United Kingdom,Dominican Republic
public-apis/public-apis,marekdano,222,103,"Dublin, Ireland",Saint Barth√©lemy
public-apis/public-apis,mikestreety,111,19,"Brighton, UK",Brazil
public-apis/public-apis,toddmotto,9719,76,"England, UK",Greenland
public-apis/public-apis,yannbertrand,192,122,France,France
public-apis/public-apis,wesbos,34801,412,"Hamilton, Ontario",Argentina
public-apis/public-apis,olekstomek,50,45,"Opoczno, Poland",Czechia
public-apis/public-apis,apilayer-admin,165,0,,
public-apis/public-apis,Nirzak,146,121,"Dhaka, Bangladesh",Andorra
public-apis/public-apis,marijaninjo,15,15,,
public-apis/public-apis,HZooly,125,33,"Nancy, France",Cyprus
public-apis/public-apis,montogeek,261,273,"Berlin, Germany",Belgium
public-apis/public-apis,karllhughes,331,71,"Chicago, IL",Antigua and Barbuda
public-apis/public-apis,hardikpthv,26,23,"Amsterdam, the Netherlands",Armenia
public-apis/public-apis,awalthefirst,9,17,"Atlanta,Ga",Austria
public-apis/public-apis,fawazahmed0,0,185,,
public-apis/public-apis,kanaksony,17,105,India,India
public-apis/public-apis,codewithpom,51,106,"‡§≠‡§æ‡§∞‡§§, Asia, Earth,  The Solar System, Milky Way Galaxy, Much more",√Öland Islands
public-apis/public-apis,sonali623,21,5,"Indore, India",Dominican Republic
public-apis/public-apis,molcik,46,65,Prague,Antigua and Barbuda
public-apis/public-apis,CipherGirl,26,61,"Dhaka, Bangladesh",Andorra
public-apis/public-apis,ChaseDurand,15,15,,
public-apis/public-apis,hippyaki,37,124,India,India
public-apis/public-apis,alxpez,73,57,,
public-apis/public-apis,brakmic,234,122,"Bonn, Germany","Bolivia, Plurinational State of"
public-apis/public-apis,NaveenDA,69,45,London,Dominican Republic
public-apis/public-apis,neosergio,136,52,,
public-apis/public-apis,ca13ra1,64,7,Canada,Andorra
public-apis/public-apis,chief10,31,30,"Los Angeles, CA",Canada
public-apis/public-apis,draco-malfoy,14,48,,
public-apis/public-apis,DylanDelobel,28,39,France,France
public-apis/public-apis,xnekv03,7,15,Prague,Antigua and Barbuda
public-apis/public-apis,drecali,94,48,"Seoul, South Korea",R√©union
public-apis/public-apis,romellfudi,79,41,"Lima, Per√∫",Eritrea
public-apis/public-apis,Satish-Prajapati,7,21,Mumbai,Anguilla
public-apis/public-apis,happiestbee,4,16,,
public-apis/public-apis,xinitrc-dev,18,14,,
public-apis/public-apis,Morrolan,27,30,United Kingdom,Dominican Republic
public-apis/public-apis,mic-rigaud,2,16,,
public-apis/public-apis,ApCoder123,33,10,,
public-apis/public-apis,dkhmelenko,45,56,"Munich, Germany",Switzerland
public-apis/public-apis,FayeNichols,5,5,,
public-apis/public-apis,praisedpk,5,60,Lahore,Lao People's Democratic Republic
public-apis/public-apis,hariKarthic,7,23,"Bangalore,IN",Albania
public-apis/public-apis,JoyMajumdar2001,6,67,Balurghat,Albania
public-apis/public-apis,madisvain,165,18,"Estonia, Tallinn",Albania
public-apis/public-apis,OscarRG,6,7,,
jwasham/coding-interview-university,jwasham,25381,30,United States,Austria
jwasham/coding-interview-university,Anri-Lombard,373,83,Inside your heart,Argentina
jwasham/coding-interview-university,avizmarlon,365,21,Brazil,Azerbaijan
jwasham/coding-interview-university,esaucedof,119,83,,
jwasham/coding-interview-university,aleen42,397,233,"Guangdong, Foshan, China",Switzerland
jwasham/coding-interview-university,Ilyushin,130,228,,
jwasham/coding-interview-university,dossorio,10,21,,
jwasham/coding-interview-university,tsakishii,39,26,"Dusseldorf, Germany",Germany
jwasham/coding-interview-university,hexatester,73,38,Indonesia,Dominican Republic
jwasham/coding-interview-university,letientai299,145,49,Vietnam,Armenia
jwasham/coding-interview-university,DimoDimchev,32,21,"Sofia, Bulgaria",Argentina
jwasham/coding-interview-university,marcomarrelli,22,8,"Ravenna, Italy",Albania
jwasham/coding-interview-university,vsay01,45,92,,
jwasham/coding-interview-university,imran110219,48,52,Dhaka,
jwasham/coding-interview-university,joonas-yoon,138,117,Republic of Korea,Saint Barth√©lemy
jwasham/coding-interview-university,NaoCoding,52,60,"New Taipei, Taiwan",Anguilla
jwasham/coding-interview-university,saurabh-mhaisekar,13,33,Hyderabad,Andorra
jwasham/coding-interview-university,marceloogeda,96,47,Brazil,Azerbaijan
jwasham/coding-interview-university,kgnblg,29,30,"Hamburg, Germany",Armenia
jwasham/coding-interview-university,Carmezim,280,57,,
jwasham/coding-interview-university,askeroff,29,17,"Schwerin, Germany",Switzerland
jwasham/coding-interview-university,mbiesiad,88,85,"Europe, Poland",Lao People's Democratic Republic
jwasham/coding-interview-university,wilkoklak,10,21,Poland,Lao People's Democratic Republic
jwasham/coding-interview-university,santosomichael,9,23,Indonesia,Dominican Republic
jwasham/coding-interview-university,koko-joe,0,5,,
jwasham/coding-interview-university,kamegoro,9,70,"Tokyo, Japan",Cayman Islands
jwasham/coding-interview-university,abhijeetsatpute,15,69,,
jwasham/coding-interview-university,rvlewerissa,30,27,Indonesia,Dominican Republic
jwasham/coding-interview-university,SaptarshiSarkar12,46,64,India,India
jwasham/coding-interview-university,msambol,663,16,,
jwasham/coding-interview-university,mikhailusov,15,35,Planet Earth,Argentina
jwasham/coding-interview-university,HashCookie,41,58,China,Switzerland
jwasham/coding-interview-university,amoraitis,50,40,Athens,Austria
jwasham/coding-interview-university,dangkhoasdc,236,22,Singapore,Gabon
jwasham/coding-interview-university,gjzim,17,11,Dhaka,
jwasham/coding-interview-university,Newt0n,65,9,Beijing,Belgium
jwasham/coding-interview-university,Glowin,244,55,"Beijing, China",Belgium
jwasham/coding-interview-university,IvanReznikov,245,28,Dubai,Anguilla
jwasham/coding-interview-university,shaungunaw,779,1,,
jwasham/coding-interview-university,zaienaji,4,11,Indonesia,Dominican Republic
jwasham/coding-interview-university,YangFong,60,51,china,Switzerland
jwasham/coding-interview-university,moonik,13,52,"Lublin, Poland",Saint Barth√©lemy
jwasham/coding-interview-university,shogohida,22,91,Japan,Japan
jwasham/coding-interview-university,kapyshin,21,11,,
jwasham/coding-interview-university,Hanney-Ryu,9,14,Seoul,Sweden
jwasham/coding-interview-university,ali-tamim,1,20,iraq,Antarctica
jwasham/coding-interview-university,develhopper,97,48,,
jwasham/coding-interview-university,hezhizhen,117,267,"Shanghai, China",Anguilla
jwasham/coding-interview-university,flyotlin,20,61,Taiwan,Anguilla
jwasham/coding-interview-university,d1mnewz,141,101,"Lviv, Ukraine",Anguilla
donnemartin/system-design-primer,donnemartin,22746,27,"Washington, D.C.",American Samoa
donnemartin/system-design-primer,satob,94,24,,
donnemartin/system-design-primer,fluency03,226,102,London,Dominican Republic
donnemartin/system-design-primer,hulikau,22,37,Dubai,Anguilla
donnemartin/system-design-primer,fabriziocucci,60,69,Dublin,Saint Barth√©lemy
donnemartin/system-design-primer,ianpark,29,27,United Kingdom,Dominican Republic
donnemartin/system-design-primer,luisbg,103,89,Toronto,Romania
donnemartin/system-design-primer,manaskarekar,44,38,,
donnemartin/system-design-primer,yangshun,12670,112,,
donnemartin/system-design-primer,ralphite,70,11,,
donnemartin/system-design-primer,kevingo,194,132,Taiwan,Anguilla
donnemartin/system-design-primer,linhe0x0,367,120,China,Switzerland
donnemartin/system-design-primer,sharpcodex,17,10,"Riyadh, Saudi Arabia",Andorra
donnemartin/system-design-primer,ad-m,173,113,"Warsaw, Poland",Aruba
donnemartin/system-design-primer,aditya-vishwakarma-lab,4,30,,
donnemartin/system-design-primer,Agade09,105,32,Zug,Uganda
donnemartin/system-design-primer,mad01,18,61,Sweden,Germany
donnemartin/system-design-primer,alexanderteno,3,18,Toronto,Romania
donnemartin/system-design-primer,HasanAliKaraca,4,0,,
donnemartin/system-design-primer,Anandkarthick,9,30,United States,Austria
donnemartin/system-design-primer,Tarrasch,320,216,Zurich,Switzerland
donnemartin/system-design-primer,bengadbois,38,34,"Portland, OR",Lao People's Democratic Republic
donnemartin/system-design-primer,brandonJY,7,66,,
donnemartin/system-design-primer,bryanjenningz,138,106,"Sunnyvale, CA",Albania
donnemartin/system-design-primer,CharlesSantiago,9,19,Seattle,Austria
donnemartin/system-design-primer,ChetanNair,10,9,,
donnemartin/system-design-primer,cclauss,4899,4517,Switzerland,Switzerland
donnemartin/system-design-primer,ygdanchoi,57,15,"New York, NY",Niger
donnemartin/system-design-primer,danieljl,46,24,"Jakarta, Indonesia",Argentina
donnemartin/system-design-primer,dannyjung90,8,7,"Los Angeles, CA",Canada
donnemartin/system-design-primer,d12e493,3,22,,
donnemartin/system-design-primer,duynguyenhoang,53,128,"M√ºnchen, Germany",Switzerland
donnemartin/system-design-primer,baldassarreFe,115,54,Paris,Argentina
donnemartin/system-design-primer,ganesshkumar,42,82,India,India
donnemartin/system-design-primer,hakaari,13,5,,
donnemartin/system-design-primer,RGirish,5,31,"Seattle, WA",Austria
donnemartin/system-design-primer,ZJUGuoShuai,93,58,"Hangzhou, China",Switzerland
donnemartin/system-design-primer,morenoh149,440,323,"New York, NY",Niger
donnemartin/system-design-primer,zboigor,24,8,"Warsaw, Poland",Aruba
donnemartin/system-design-primer,ihebu,110,12,London,Dominican Republic
donnemartin/system-design-primer,iravitejakumar,16,54,Hyderabad,Andorra
donnemartin/system-design-primer,inakiabt,33,113,"Tandil, Argentina",Argentina
donnemartin/system-design-primer,jpcaparas,37,103,Sydney,Niger
donnemartin/system-design-primer,jxub,65,206,"London, UK",Dominican Republic
donnemartin/system-design-primer,Jamstah,10,83,"Hursley, UK",Hungary
donnemartin/system-design-primer,John-Richardson,2,12,,
donnemartin/system-design-primer,joilson-cisne,23,42,Brazil,Azerbaijan
donnemartin/system-design-primer,whoan,29,66,/home,Montenegro
donnemartin/system-design-primer,htkuan,10,24,,
donnemartin/system-design-primer,tangkangkai,2,15,,
996icu/996.ICU,996icu,8509,1,,
996icu/996.ICU,ChangedenCZD,29,74,China,Switzerland
996icu/996.ICU,Z-fly,101,54,"Hangzhou, China",Switzerland
996icu/996.ICU,xianfengting,11,51,"Chongqing, China",Switzerland
996icu/996.ICU,CPdogson,71,6,China,Switzerland
996icu/996.ICU,githubmll,5,7,,
996icu/996.ICU,Tedko,371,56,Tokyo/SF/Chicago/NYC/Shanghai,Anguilla
996icu/996.ICU,uDp30Z4w,2,2,,
996icu/996.ICU,zombie110year,30,91,,
996icu/996.ICU,Chaoqun-Guo,15,39,"Beijing,China",Belgium
996icu/996.ICU,ImgBotApp,1727,354,Seattle,Austria
996icu/996.ICU,pi0,4719,387,Netherlands,Eritrea
996icu/996.ICU,gaoyaoxin,44,187,China,Switzerland
996icu/996.ICU,KyleBing,237,115,Â±±‰∏ú ‚Ä¢ ÊµéÂçó,
996icu/996.ICU,jwchan1996,78,97,"GuangZhou, China",Switzerland
996icu/996.ICU,tootemilk,3,3,,
996icu/996.ICU,sinomoe,30,46,,
996icu/996.ICU,simon300000,253,184,Teyvat,Austria
996icu/996.ICU,ileego,9,57,,
996icu/996.ICU,enyucao,4,25,Stockholm,Cook Islands
996icu/996.ICU,acid-chicken,331,166,"Nara, Japan",Argentina
996icu/996.ICU,fuckcomtop,1,1,,
996icu/996.ICU,nlchjian,1,1,,
996icu/996.ICU,qiankunpingtai,1,120,,
996icu/996.ICU,ujmkiolp,1,1,,
996icu/996.ICU,stupid1t,1,52,china,Switzerland
996icu/996.ICU,scxkd2016,2,0,Beijing,Belgium
996icu/996.ICU,boomerciyuan,1,2,,
996icu/996.ICU,binarywang,3398,36,China,Switzerland
996icu/996.ICU,BruceWangNo1,65,45,,
996icu/996.ICU,pilym,0,21,,
996icu/996.ICU,xiaozhuang-code,0,8,China BeiJing,Belgium
996icu/996.ICU,kawashiro-ryofu,25,24,"JX, the PRC",Puerto Rico
996icu/996.ICU,wangw469,41,129,,
996icu/996.ICU,whtiehack,85,84,,
996icu/996.ICU,PsChina,141,40,"Shenzhen, China",Switzerland
996icu/996.ICU,idealclover,829,43,"Beijing, China",Belgium
996icu/996.ICU,ZeppLu,0,33,"Beijing, China",Belgium
996icu/996.ICU,VitalyAnkh,173,154,Mars,Argentina
996icu/996.ICU,kattgu7,191,4,Shanghai/Tokyo/San Francisco/Taipei,Anguilla
996icu/996.ICU,JKetelaar,60,57,"Dordrecht, Netherlands",Switzerland
996icu/996.ICU,mela93,8,43,"Jonesboro, AR",Argentina
996icu/996.ICU,alexddhuang,15,17,"Shenzhen, China",Switzerland
996icu/996.ICU,mumalisa,0,2,,
996icu/996.ICU,gulaug,0,1,,
996icu/996.ICU,chixinzei,0,11,,
996icu/996.ICU,yahtnif,30,22,,
996icu/996.ICU,TommyLemon,982,131,China,Switzerland
996icu/996.ICU,OmarAssadi,61,23,"Tallahassee, Florida",Albania
996icu/996.ICU,kevinkassimo,567,98,Mountain View,Anguilla
vinta/awesome-python,vinta,8716,21,Taiwan,Anguilla
vinta/awesome-python,dhamaniasad,1292,328,Remote,Macao
vinta/awesome-python,ellisonleao,1334,107,Curitiba,Bosnia and Herzegovina
vinta/awesome-python,ihebu,110,12,London,Dominican Republic
vinta/awesome-python,Alir3z4,184,73,,
vinta/awesome-python,nicoe,74,78,"Li√®ge, Belgium",Belgium
vinta/awesome-python,agroszer,39,59,Hungary,Argentina
vinta/awesome-python,makrusak,38,9,"Russia, Moscow",Colombia
vinta/awesome-python,quobit,158,12,"Valencia, Spain",Anguilla
vinta/awesome-python,jhermann,215,155,Germany,Germany
vinta/awesome-python,sdispater,2238,30,France,France
vinta/awesome-python,probar,9,13,,
vinta/awesome-python,HBUHSD,9,2,Huntington Beach,Belgium
vinta/awesome-python,kmonsoor,135,114,"Warsaw, Poland",Aruba
vinta/awesome-python,andrej2704,12,17,,
vinta/awesome-python,checkcheckzz,825,6,"San Diego, California",Albania
vinta/awesome-python,Xuefeng-Zhu,106,222,United States,Austria
vinta/awesome-python,westurner,176,482,USA,Saudi Arabia
vinta/awesome-python,houjunchen,54,47,"Taipei, Taiwan",Anguilla
vinta/awesome-python,tsunammis,87,25,"Paris, France",Argentina
vinta/awesome-python,ReadmeCritic,209,8,,
vinta/awesome-python,spekulatius,664,55,127.0.0.1,
vinta/awesome-python,lee-kagiso,9,3,,
vinta/awesome-python,jcupitt,439,112,"London, UK",Dominican Republic
vinta/awesome-python,JarnoRFB,62,84,Hanover,Eritrea
vinta/awesome-python,joshuarli,218,88,,
vinta/awesome-python,sangeeths,26,27,Bangalore - India,Albania
vinta/awesome-python,preactive,14,14,Seattle Wa,Austria
vinta/awesome-python,lk-geimfari,383,57,,
vinta/awesome-python,aspyatkin,70,80,"Berlin, Germany",Belgium
vinta/awesome-python,molivier,44,13,"Paris, France",Argentina
vinta/awesome-python,zhulongcheng,43,18,"Beijing, China",Belgium
vinta/awesome-python,vovanz,18,48,"Yekaterinburg, Russia",Austria
vinta/awesome-python,petrushev,77,43,"D√ºsseldorf, Germany",Germany
vinta/awesome-python,josselex,6,8,,
vinta/awesome-python,ivankravets,769,492,Ukraine,Anguilla
vinta/awesome-python,gsakkis,32,33,,
vinta/awesome-python,lundberg,75,24,"Stockholm, Sweden",Cook Islands
vinta/awesome-python,fernandojunior,126,79,Brazil,Azerbaijan
vinta/awesome-python,curita,295,10,"C√≥rdoba, Argentina",Argentina
vinta/awesome-python,AhnJG,5,24,"Seoul, Korea",R√©union
vinta/awesome-python,lnxpy,615,76,,
vinta/awesome-python,klen,798,143,"Russia, Moscow",Colombia
vinta/awesome-python,radiantly,188,110,The Internet,Eritrea
vinta/awesome-python,sobolevn,6317,615,,
vinta/awesome-python,sergree,208,12,"–ú–æ—Å–∫–≤–∞, –†–æ—Å—Å–∏–π—Å–∫–∞—è –§–µ–¥–µ—Ä–∞—Ü–∏—è",
vinta/awesome-python,timothycrosley,781,114,"Columbus, OH",Colombia
vinta/awesome-python,Kraizan,44,25,"Jaipur, Rajasthan, INDIA",Anguilla
vinta/awesome-python,geerk,0,4,,
vinta/awesome-python,tomviner,77,272,,
kamranahmedse/developer-roadmap,kamranahmedse,38287,106,United Kingdom,Dominican Republic
kamranahmedse/developer-roadmap,arikchakma,420,46,Bangladesh,Andorra
kamranahmedse/developer-roadmap,dansholds,340,61,United Kingdom,Dominican Republic
kamranahmedse/developer-roadmap,github-actions[bot],0,0,,
kamranahmedse/developer-roadmap,jdegand,94,391,,
kamranahmedse/developer-roadmap,iArchitSharma,293,66,,
kamranahmedse/developer-roadmap,offensive-vk,23,67,"Matrix, Earth",Argentina
kamranahmedse/developer-roadmap,lovemycodesnippets,60,2,"Portland, Oregon",Egypt
kamranahmedse/developer-roadmap,paulmarsicloud,158,24,,
kamranahmedse/developer-roadmap,Edlan01,5,1,,
kamranahmedse/developer-roadmap,aroyan,79,51,Indonesia,Dominican Republic
kamranahmedse/developer-roadmap,andran777,21,10,,
kamranahmedse/developer-roadmap,adnn-alc,1,3,,
kamranahmedse/developer-roadmap,pyoneerC,92,51,"Mendoza, Argentina",Argentina
kamranahmedse/developer-roadmap,JawherKl,2329,93,Tunisia,Iceland
kamranahmedse/developer-roadmap,h-s04,7,6,,
kamranahmedse/developer-roadmap,CodeWithUma,21,30,India,India
kamranahmedse/developer-roadmap,mrgsdev,6,6,,
kamranahmedse/developer-roadmap,syedmouaazfarrukh,72,37,"Lahore, Pakistan",Iceland
kamranahmedse/developer-roadmap,selvamuthukumaran1,7,29,Chennai,Anguilla
kamranahmedse/developer-roadmap,jesusalcaladev,2,13,Venezuela,Lao People's Democratic Republic
kamranahmedse/developer-roadmap,codeguage-code,76,7,,
kamranahmedse/developer-roadmap,pixel365,23,56,,
kamranahmedse/developer-roadmap,brodriro,7,27,Peru,Eritrea
kamranahmedse/developer-roadmap,sojinsamuel,87,213,"Kerala, India",Albania
kamranahmedse/developer-roadmap,kstepien3,29,19,Poland,Lao People's Democratic Republic
kamranahmedse/developer-roadmap,kjthorpe18,24,19,"Pittsburgh, PA",Ghana
kamranahmedse/developer-roadmap,MacMacky,15,27,PH,Philippines
kamranahmedse/developer-roadmap,QAInsights,446,353,Ohio,British Indian Ocean Territory
kamranahmedse/developer-roadmap,Olayanju-1234,23,39,"Lagos, Nigeria ",Antigua and Barbuda
kamranahmedse/developer-roadmap,deepakmardii,12,5,India,India
kamranahmedse/developer-roadmap,esoterydactyl,5,4,CHICAGO,Antigua and Barbuda
kamranahmedse/developer-roadmap,andreluis-oliveira,105,23,"Curitiba, Brazil",Azerbaijan
kamranahmedse/developer-roadmap,siamonas,7,3,"Athens, Greece",Austria
kamranahmedse/developer-roadmap,Abdullahi-abdiaziz,34,89,Galkacio somalia,Albania
kamranahmedse/developer-roadmap,skieurfoufou,2,24,,
kamranahmedse/developer-roadmap,dev-aly3n,147,40,Dubai,Anguilla
kamranahmedse/developer-roadmap,mauriallegrettiswnat,3,6,Paraguay,Argentina
kamranahmedse/developer-roadmap,durrezahmed,4,64,Remote,Macao
kamranahmedse/developer-roadmap,c1phani1simha,3,30,"Ongole, Andhra Pradesh",Andorra
kamranahmedse/developer-roadmap,FarzadMohtasham,12,16,,
kamranahmedse/developer-roadmap,haseeb-xd,9,48,,
kamranahmedse/developer-roadmap,HijenHEK,47,66,Tunisia,Iceland
kamranahmedse/developer-roadmap,kartikver15gr8,221,73,Earth,Argentina
kamranahmedse/developer-roadmap,thamerla,33,120,,
kamranahmedse/developer-roadmap,ebcq,0,4,,
kamranahmedse/developer-roadmap,rikuyaosawa,4,15,Tokyo,Cayman Islands
kamranahmedse/developer-roadmap,Reyes1921,4,17,Venezuela,Lao People's Democratic Republic
kamranahmedse/developer-roadmap,LucasDondo,29,14,‚≠ê‚≠ê‚≠ê,
kamranahmedse/developer-roadmap,joziasmartini,67,46,,
EbookFoundation/free-programming-books,vhf,3424,148,Switzerland,Switzerland
EbookFoundation/free-programming-books,MHM5000,251,115,,
EbookFoundation/free-programming-books,davorpa,442,123,Spain. ::1 @ remote built,Anguilla
EbookFoundation/free-programming-books,alexanderfefelov,81,80,"Zvenigorod, Russia",Nicaragua
EbookFoundation/free-programming-books,MrS4w,88,31,Sao Paulo - Brazil,Angola
EbookFoundation/free-programming-books,eshellman,595,55,,
EbookFoundation/free-programming-books,esparta,56,97,"San Francisco Bay Area, CA",Argentina
EbookFoundation/free-programming-books,kadhirash,165,37,,
EbookFoundation/free-programming-books,mcicolella,196,222,Italy,Albania
EbookFoundation/free-programming-books,dependabot[bot],0,0,,
EbookFoundation/free-programming-books,borgified,53,306,Pluto,Luxembourg
EbookFoundation/free-programming-books,Ajay-singh1,22,35,,
EbookFoundation/free-programming-books,ericguirbal,27,38,"Toulouse, France",France
EbookFoundation/free-programming-books,TimoSalomaki,43,138,"Helsinki, Finland",Finland
EbookFoundation/free-programming-books,maieul,72,79,Strasbourg,American Samoa
EbookFoundation/free-programming-books,SethFalco,273,133,Europe,Peru
EbookFoundation/free-programming-books,JIghtuse,35,68,Helsinki,India
EbookFoundation/free-programming-books,LuigiImVector,77,16,Italy,Albania
EbookFoundation/free-programming-books,luminousspice,15,20,Japan,Japan
EbookFoundation/free-programming-books,danielkrupinski,1911,252,,
EbookFoundation/free-programming-books,quobit,158,12,"Valencia, Spain",Anguilla
EbookFoundation/free-programming-books,Mouseion,8,28,,
EbookFoundation/free-programming-books,GintasS,73,48,San Francisco,C√¥te d'Ivoire
EbookFoundation/free-programming-books,ss-th24,15,15,"Chandigarh, India",Argentina
EbookFoundation/free-programming-books,eraysahin06,37,85,"Toronto, ON",Romania
EbookFoundation/free-programming-books,sunxb10,11,4,"Beijing, China",Belgium
EbookFoundation/free-programming-books,grogy,22,76,Czech Republic,Saint Barth√©lemy
EbookFoundation/free-programming-books,hoganlong,8,16,"Bronx, NY",Brazil
EbookFoundation/free-programming-books,IgorLutiy,24,20,Ukraine,Anguilla
EbookFoundation/free-programming-books,huzaifaalmesbah,21,51,Bangladesh,Andorra
EbookFoundation/free-programming-books,davisonio,996,15,"London, UK",Dominican Republic
EbookFoundation/free-programming-books,charlottetan,21,48,"Seattle, WA",Austria
EbookFoundation/free-programming-books,AhmedElTabarani,315,15,"Al Arish, North Sinai, Egypt",Anguilla
EbookFoundation/free-programming-books,baciucristian,12,7,"Chi»ôinƒÉu, Moldova",Switzerland
EbookFoundation/free-programming-books,corragon,6,27,,
EbookFoundation/free-programming-books,apu52,182,146,Kolkata,Austria
EbookFoundation/free-programming-books,metabiswadeep,13,70,"Kolkata, India",Austria
EbookFoundation/free-programming-books,tml,73,841,,
EbookFoundation/free-programming-books,BlueKore,6,8,"Braga, Portugal",Albania
EbookFoundation/free-programming-books,sohansai,0,0,,
EbookFoundation/free-programming-books,bluetata,62,19,,
EbookFoundation/free-programming-books,jwigert,25,22,Sweden,Germany
EbookFoundation/free-programming-books,jgpacker,21,39,"Joinville, SC - Brasil",American Samoa
EbookFoundation/free-programming-books,rodrigo-medeiros,18,1,"Santa Catarina, Brazil",Argentina
EbookFoundation/free-programming-books,SuzukiKatsuma,13,19,"Nomi, Ishikawa, Japan",Aruba
EbookFoundation/free-programming-books,oltolm,12,27,,
EbookFoundation/free-programming-books,jbranchaud,1128,175,"Chicago, IL",Antigua and Barbuda
EbookFoundation/free-programming-books,ictxiangxin,50,8,china,Switzerland
EbookFoundation/free-programming-books,avinoth,38,114,,
EbookFoundation/free-programming-books,avelytchko,0,22,,
freeCodeCamp/freeCodeCamp,camperbot,0,2,Internet,Eritrea
freeCodeCamp/freeCodeCamp,raisedadead,1322,26,"Bengaluru, India",Albania
freeCodeCamp/freeCodeCamp,ojeytonwilliams,318,103,,
freeCodeCamp/freeCodeCamp,renovate[bot],0,0,,
freeCodeCamp/freeCodeCamp,sahat,4749,181,Remote,Macao
freeCodeCamp/freeCodeCamp,renovate-bot,2075,12413,,
freeCodeCamp/freeCodeCamp,Bouncey,330,76,Northern Ireland,Eritrea
freeCodeCamp/freeCodeCamp,terakilobyte,198,217,,
freeCodeCamp/freeCodeCamp,moT01,186,154,,
freeCodeCamp/freeCodeCamp,SaintPeter,342,77,"Roseville, CA",Canada
freeCodeCamp/freeCodeCamp,ltegman,291,40,"Redmond, Washington",American Samoa
freeCodeCamp/freeCodeCamp,benmcmahon100,252,28,"Dublin, Ireland",Saint Barth√©lemy
freeCodeCamp/freeCodeCamp,erictleung,602,170,"New York, NY",Niger
freeCodeCamp/freeCodeCamp,ahmaxed,251,87,Istanbul,Iceland
freeCodeCamp/freeCodeCamp,QuincyLarson,5008,54,"Dallas, Texas, US, Earth",Albania
freeCodeCamp/freeCodeCamp,BerkeleyTrue,485,100,Floating Endlessly Through Time and Space,Austria
freeCodeCamp/freeCodeCamp,dependabot[bot],0,0,,
freeCodeCamp/freeCodeCamp,RandellDawson,151,36,"St. George, UT",Georgia
freeCodeCamp/freeCodeCamp,ShaunSHamilton,165,89,South Africa,Afghanistan
freeCodeCamp/freeCodeCamp,bugron,51,36,"Yerevan, Armenia",Argentina
freeCodeCamp/freeCodeCamp,dhcodes,97,35,,
freeCodeCamp/freeCodeCamp,huyenltnguyen,0,49,,
freeCodeCamp/freeCodeCamp,scissorsneedfoodtoo,131,136,"Daegu, South Korea",United Arab Emirates
freeCodeCamp/freeCodeCamp,ilenia-magoni,101,23,"Bologna, Italy",Albania
freeCodeCamp/freeCodeCamp,Sembauke,151,45,Netherlands,Eritrea
freeCodeCamp/freeCodeCamp,abhisekp,531,156,India,India
freeCodeCamp/freeCodeCamp,jdwilkin4,273,34,,
freeCodeCamp/freeCodeCamp,Supravisor,4,33,,
freeCodeCamp/freeCodeCamp,a2937,80,154,,
freeCodeCamp/freeCodeCamp,ValeraS,13,38,Amsterdam,Armenia
freeCodeCamp/freeCodeCamp,Greenheart,229,74,Z√ºrich,Switzerland
freeCodeCamp/freeCodeCamp,gikf,102,31,"Warsaw, Poland",Aruba
freeCodeCamp/freeCodeCamp,Dario-DC,18,10,,
freeCodeCamp/freeCodeCamp,Sboonny,95,99,Egypt,Egypt
freeCodeCamp/freeCodeCamp,lasjorg,45,78,,
freeCodeCamp/freeCodeCamp,Manish-Giri,365,283,"Round Rock, TX",Cook Islands
freeCodeCamp/freeCodeCamp,thecodingaviator,44,40,"New York, NY",Niger
freeCodeCamp/freeCodeCamp,zairahira,128,41,Islamabad,Andorra
freeCodeCamp/freeCodeCamp,clarencepenz,24,140,,
freeCodeCamp/freeCodeCamp,sidemt,0,87,,
freeCodeCamp/freeCodeCamp,Nirajn2311,133,41,,
freeCodeCamp/freeCodeCamp,no-stack-dub-sack,245,57,"Brooklyn, NY",Brazil
freeCodeCamp/freeCodeCamp,greenkeeperio-bot,404,0,‚òÅÔ∏è,
freeCodeCamp/freeCodeCamp,vtamara,271,301,"Bogot√°, Colombia",Burundi
freeCodeCamp/freeCodeCamp,systimotic,177,18,"Breda, The Netherlands",Brazil
freeCodeCamp/freeCodeCamp,bbsmooth,32,8,PDX,United States
freeCodeCamp/freeCodeCamp,beaucarnes,2314,92,"Grand Rapids, MI",Greece
freeCodeCamp/freeCodeCamp,AryanJ-NYC,79,125,"New York, NY",Niger
freeCodeCamp/freeCodeCamp,DanielRosa74,26,9,,
freeCodeCamp/freeCodeCamp,BKinahan,48,0,,
